config,seed,sim_len,eval_len,radius,batch_size,gamma,epsilon,buffer,warmup,update_ticks,learn_every,mean_comfort,mean_reward,eval_deaths,death_rate_eval,run_time_seconds,water_visit_pct,food_visit_pct,drink_rate_at_water,eat_rate_at_food,full_eat_rate_at_food,move_rate_eval,drink_rate_eval,eat_rate_eval,trip_count,trip_success_rate,median_success_trip_moves,shortest_dist,path_efficiency,perfectish_trip_rate,non_neighbor_jumps,total_ticks
noisy__beta_0p1__novelty_rewards_T__e_30__buf_50k__n_step_10__over_0p02__under_0p5,0,500000,20000,20,512,0.99,,50000,500,500,20,0.989808399984292,0.989808399984292,0,0.0,189.72991919999913,93.805,5.975,0.5242257875379778,0.26359832635983266,0.2518828451882845,0.48505,0.49175,0.01575,914,0.962800875273523,1.0,,1.0,1.0,0,520000
noisy__beta_0p1__novelty_rewards_T__e_30__buf_50k__n_step_10__over_0p02__under_0p5,1,500000,20000,20,512,0.99,,50000,500,500,20,0.9975337175365605,0.9975337175365605,0,0.0,187.8448475999976,99.97500000000001,99.95,0.2514628657164291,0.10990495247623812,0.0,0.00025,0.2514,0.10985,1,1.0,5.0,,1.0,1.0,0,520000
noisy__beta_0p1__novelty_rewards_T__e_30__buf_50k__n_step_10__over_0p02__under_0p5,2,500000,20000,20,512,0.99,,50000,500,500,20,0.8692611014208075,0.7417611014208076,51,0.00255,188.7447850000026,78.485,9.905,0.738102822195324,0.3311458859162039,0.0646138313982837,0.1057,0.57935,0.03285,241,0.7800829875518672,1.0,,1.0,0.9787234042553191,0,520000
noisy__beta_0p1__novelty_rewards_T__e_30__buf_50k__n_step_10__over_0p02__under_0p5,3,500000,20000,20,512,0.99,,50000,500,500,20,0.8339344014844863,0.8314344014844862,1,5e-05,188.06893429999764,99.715,99.675,0.3682996540139397,0.08673187860546777,0.08673187860546777,0.00125,0.36725,0.08645,1,1.0,6.0,,1.0,1.0,0,520000
noisy__beta_0p1__novelty_rewards_T__e_30__buf_50k__n_step_10__over_0p02__under_0p5,4,500000,20000,20,512,0.99,,50000,500,500,20,0.9721876021735805,0.9721876021735805,0,0.0,201.85413400000107,59.199999999999996,6.575,0.751097972972973,0.20076045627376427,0.19771863117870722,0.48675,0.44465,0.0132,2430,0.27983539094650206,4.0,,0.5,0.23823529411764705,0,520000
noisy__beta_0p1__novelty_rewards_T__e_30__buf_50k__n_step_10__over_0p02__under_0p5,5,500000,20000,20,512,0.99,,50000,500,500,20,0.9499054623212035,0.9499054623212035,0,0.0,201.16454080000403,78.73,21.27,0.5778610440746856,0.33521391631405734,0.005641748942172073,0.03055,0.45495,0.0713,305,1.0,1.0,,1.0,1.0,0,520000
noisy__beta_0p1__novelty_rewards_T__e_30__buf_50k__n_step_10__over_0p02__under_0p5,6,500000,20000,20,512,0.99,,50000,500,500,20,0.9551018745797741,0.9551018745797741,0,0.0,188.34070049999718,71.825,14.585,0.9447963800904977,0.2063764141241001,0.13541309564621187,0.27095,0.6786,0.0301,503,1.0,2.0,,1.0,1.0,0,520000
noisy__beta_0p1__novelty_rewards_T__e_30__buf_50k__n_step_10__over_0p02__under_0p5,7,500000,20000,20,512,0.99,,50000,500,500,20,0.8478177823372939,0.8478177823372939,0,0.0,188.80368720000115,42.25,14.6,0.9281656804733728,0.511986301369863,0.31952054794520546,0.51735,0.39215,0.07475,606,0.9603960396039604,1.0,,1.0,1.0,0,520000
noisy__beta_0p1__novelty_rewards_T__e_30__buf_50k__n_step_10__over_0p02__under_0p5,8,500000,20000,20,512,0.99,,50000,500,500,20,0.9742206582565154,0.9742206582565154,0,0.0,189.22882989999925,48.285,10.195,0.5662213938076007,0.5502697400686611,0.11672388425698872,0.6688,0.2734,0.0561,4066,0.2016724053123463,3.0,,0.8,0.7280487804878049,0,520000
noisy__beta_0p1__novelty_rewards_T__e_30__buf_50k__n_step_10__over_0p02__under_0p5,9,500000,20000,20,512,0.99,,50000,500,500,20,0.9545880831076167,0.9545880831076167,0,0.0,189.71564429999853,95.485,2.79,0.9543383777556684,0.503584229390681,0.5017921146953405,0.03015,0.91125,0.01405,145,0.9655172413793104,2.0,,1.0,1.0,0,520000
noisy__beta_0p1__novelty_rewards_T__e_30__buf_50k__n_step_10__over_0p02__under_0p5,10,500000,20000,20,512,0.99,,50000,500,500,20,0.9269022960570584,0.9144022960570585,5,0.00025,188.89484280000033,51.38,4.32,0.570650058388478,0.6898148148148148,0.4270833333333333,0.3421,0.2932,0.0298,1209,0.18941273779983459,4.0,,1.0,0.7205240174672489,0,520000
noisy__beta_0p1__novelty_rewards_T__e_30__buf_50k__n_step_10__over_0p02__under_0p5,11,500000,20000,20,512,0.99,,50000,500,500,20,0.8671720865520756,0.7571720865520756,44,0.0022,188.86836449999828,71.43,4.665,0.5527789444211115,0.5594855305466238,0.18863879957127547,0.20645,0.3949,0.02615,332,0.5331325301204819,6.0,,1.0,0.7288135593220338,0,520000
noisy__beta_0p1__novelty_rewards_T__e_30__buf_50k__n_step_10__over_0p02__under_0p5,12,500000,20000,20,512,0.99,,50000,500,500,20,0.9562587260126866,0.9537587260126865,1,5e-05,188.67621689999942,43.815,28.084999999999997,0.738902202442086,0.497240519850454,0.02492433683460922,0.53195,0.32375,0.13965,2251,0.9191470457574411,2.0,,1.0,0.9942000966650556,0,520000
noisy__beta_0p1__novelty_rewards_T__e_30__buf_50k__n_step_10__over_0p02__under_0p5,13,500000,20000,20,512,0.99,,50000,500,500,20,0.7878355583496904,0.6953355583496905,37,0.00185,188.48770499999955,74.47,6.43,0.8991540217537264,0.604199066874028,0.14774494556765164,0.15915,0.6696,0.03885,337,0.5548961424332344,2.0,,0.5,0.7379679144385026,0,520000
noisy__beta_0p1__novelty_rewards_T__e_30__buf_50k__n_step_10__over_0p02__under_0p5,14,500000,20000,20,512,0.99,,50000,500,500,20,0.9940139743271826,0.9940139743271826,0,0.0,189.03334339999856,72.81,27.005000000000003,0.65396236780662,0.2766154415848917,0.042584706535826695,0.1416,0.47615,0.0747,1412,0.9801699716713881,1.0,,1.0,1.0,0,520000
noisy__beta_0p1__novelty_rewards_T__e_30__buf_50k__n_step_10__over_0p02__under_0p5,15,500000,20000,20,512,0.99,,50000,500,500,20,0.9706117081881414,0.9706117081881414,0,0.0,189.18243669999356,51.615,7.8549999999999995,0.5725079918628305,0.18459579885423297,0.16359007001909612,0.69,0.2955,0.0145,3059,0.3007518796992481,1.0,,1.0,0.7510869565217392,0,520000
noisy__beta_0p1__novelty_rewards_T__e_30__buf_50k__n_step_10__over_0p02__under_0p5,16,500000,20000,20,512,0.99,,50000,500,500,20,0.5865987246763674,0.0540987246763679,213,0.01065,189.12316170000122,27.43,13.084999999999999,0.7531899380240612,0.38173481085212074,0.34390523500191056,0.721,0.207,0.05,1316,0.48936170212765956,2.0,,1.0,0.827639751552795,0,520000
noisy__beta_0p1__novelty_rewards_T__e_30__buf_50k__n_step_10__over_0p02__under_0p5,17,500000,20000,20,512,0.99,,50000,500,500,20,0.953735745947658,0.911235745947658,17,0.00085,187.9797940999997,84.765,3.9050000000000002,0.4857547336754557,0.41357234314980795,0.36107554417413573,0.106,0.41175,0.01615,334,0.7634730538922155,2.0,,1.0,0.9764705882352941,0,520000
noisy__beta_0p1__novelty_rewards_T__e_30__buf_50k__n_step_10__over_0p02__under_0p5,18,500000,20000,20,512,0.99,,50000,500,500,20,0.9842864699788338,0.9842864699788338,0,0.0,188.94572840000183,74.79,6.215,0.7862013638186923,0.5285599356395817,0.5285599356395817,0.37915,0.588,0.03285,3197,0.18298404754457304,2.0,,1.0,0.9880341880341881,0,520000
noisy__beta_0p1__novelty_rewards_T__e_30__buf_50k__n_step_10__over_0p02__under_0p5,19,500000,20000,20,512,0.99,,50000,500,500,20,0.8298800325375391,0.7448800325375391,34,0.0017,188.4229697999981,57.19,15.6,0.9276971498513726,0.5810897435897436,0.03141025641025641,0.2859,0.5306,0.0907,499,0.6432865731462926,2.0,,1.0,0.9345794392523364,0,520000
noisy__beta_0p1__novelty_rewards_T__e_30__buf_50k__n_step_10__over_0p02__under_0p5,20,500000,20000,20,512,0.99,,50000,500,500,20,0.9696888862703076,0.9696888862703076,0,0.0,183.73217179999483,69.265,6.569999999999999,0.6665704179600087,0.7351598173515982,0.0,0.3417,0.4617,0.0483,1764,0.19727891156462585,4.0,,1.0,1.0,0,520000
noisy__beta_0p1__novelty_rewards_T__e_30__buf_50k__n_step_10__over_0p02__under_0p5,21,500000,20000,20,512,0.99,,50000,500,500,20,0.9775552488832007,0.9775552488832007,0,0.0,185.52050659999077,38.725,38.714999999999996,0.633828276307295,0.08317189719746867,0.03344956735115588,0.72235,0.24545,0.0322,2191,1.0,2.0,,0.0,0.00045641259698767686,0,520000
noisy__beta_0p1__novelty_rewards_T__e_30__buf_50k__n_step_10__over_0p02__under_0p5,22,500000,20000,20,512,0.99,,50000,500,500,20,0.9856842754888036,0.9856842754888036,0,0.0,184.4927764999884,69.04,6.909999999999999,0.45466396292004635,0.6620839363241678,0.020260492040520984,0.4484,0.3139,0.04575,3759,0.1191806331471136,2.0,,1.0,1.0,0,520000
noisy__beta_0p1__novelty_rewards_T__e_30__buf_50k__n_step_10__over_0p02__under_0p5,23,500000,20000,20,512,0.99,,50000,500,500,20,0.9454027547565155,0.9454027547565155,0,0.0,188.33161590000964,92.66,2.65,0.3546837902007339,0.7,0.23962264150943396,0.04545,0.32865,0.01855,222,0.6981981981981982,2.0,,1.0,1.0,0,520000
noisy__beta_0p1__novelty_rewards_T__e_30__buf_50k__n_step_10__over_0p02__under_0p5,24,500000,20000,20,512,0.99,,50000,500,500,20,0.9847598813041261,0.9822598813041261,1,5e-05,187.6042354999954,76.2,45.545,0.7914041994750656,0.09507080908991107,0.0,0.3536,0.60305,0.0433,1272,0.41823899371069184,5.0,,1.0,0.7706766917293233,0,520000
noisy__beta_0p1__novelty_rewards_T__e_30__buf_50k__n_step_10__over_0p02__under_0p5,25,500000,20000,20,512,0.99,,50000,500,500,20,0.7959246736656536,0.5584246736656536,95,0.00475,192.2585345999978,36.25,12.53,0.7711724137931034,0.5231444533120511,0.07661612130885874,0.46975,0.2797,0.0657,767,0.6753585397653195,4.0,,1.0,0.7722007722007722,0,520000
noisy__beta_0p1__novelty_rewards_T__e_30__buf_50k__n_step_10__over_0p02__under_0p5,26,500000,20000,20,512,0.99,,50000,500,500,20,0.9765133652623488,0.9765133652623488,0,0.0,185.26966219999304,75.18,29.195,0.7395583931896781,0.09847576639835588,0.005994177085117315,0.2848,0.556,0.02875,1735,0.15331412103746397,4.0,,1.0,0.5150375939849624,0,520000
noisy__beta_0p1__novelty_rewards_T__e_30__buf_50k__n_step_10__over_0p02__under_0p5,27,500000,20000,20,512,0.99,,50000,500,500,20,0.946280512994188,0.9387805129941881,3,0.00015,185.04119639999408,32.845,5.4350000000000005,0.6440858578170193,0.718491260349586,0.013799448022079117,0.7197,0.21155,0.03905,2142,0.12698412698412698,4.0,,0.788888888888889,0.5588235294117647,0,520000
noisy__beta_0p1__novelty_rewards_T__e_30__buf_50k__n_step_10__over_0p02__under_0p5,28,500000,20000,20,512,0.99,,50000,500,500,20,0.9918379649422763,0.9918379649422763,0,0.0,185.8971928000101,87.395,7.580000000000001,0.5203386921448595,0.6563324538258575,0.0006596306068601583,0.08155,0.45475,0.04975,400,0.945,2.0,,1.0,1.0,0,520000
noisy__beta_0p1__novelty_rewards_T__e_30__buf_50k__n_step_10__over_0p02__under_0p5,29,500000,20000,20,512,0.99,,50000,500,500,20,0.9567467796488858,0.9567467796488858,0,0.0,185.1980043000076,84.205,8.924999999999999,0.6167686004394038,0.7899159663865546,0.0,0.09105,0.51935,0.0705,403,0.8684863523573201,2.0,,1.0,1.0,0,520000
noisy__beta_0p1__novelty_rewards_T__e_30__buf_50k__n_step_10__over_0p02__under_0p5,30,500000,20000,20,512,0.99,,50000,500,500,20,0.9566145496131616,0.9566145496131616,0,0.0,185.29516120000335,64.805,2.82,0.7576575881490626,0.675531914893617,0.6294326241134752,0.47165,0.491,0.01905,3099,0.0590513068731849,2.0,,1.0,1.0,0,520000
noisy__beta_0p1__novelty_rewards_T__e_30__buf_50k__n_step_10__over_0p02__under_0p5,31,500000,20000,20,512,0.99,,50000,500,500,20,0.7617611035983408,0.4992611035983411,105,0.00525,185.65885379999236,46.75,8.16,0.7016042780748664,0.3553921568627451,0.32659313725490197,0.46345,0.32815,0.02905,699,0.6824034334763949,4.0,,1.0,0.7966457023060797,0,520000
noisy__beta_0p1__novelty_rewards_T__e_30__buf_50k__n_step_10__over_0p02__under_0p5,32,500000,20000,20,512,0.99,,50000,500,500,20,0.938644926332936,0.938644926332936,0,0.0,184.37982000000193,100.0,100.0,0.72835,0.27165,0.0,0.0,0.72835,0.27165,0,,,,,,0,520000
noisy__beta_0p1__novelty_rewards_T__e_30__buf_50k__n_step_10__over_0p02__under_0p5,33,500000,20000,20,512,0.99,,50000,500,500,20,0.9861268605684723,0.9861268605684723,0,0.0,184.56972210000094,47.06,12.91,0.7716744581385465,0.28853601859024014,0.0077459333849728895,0.59775,0.36315,0.03725,2115,0.5432624113475177,3.0,,1.0,0.8912097476066144,0,520000
noisy__beta_0p1__novelty_rewards_T__e_30__buf_50k__n_step_10__over_0p02__under_0p5,34,500000,20000,20,512,0.99,,50000,500,500,20,0.920664666165131,0.920664666165131,0,0.0,185.2821297999908,52.615,44.21,0.3646298584053977,0.24236598054738748,0.0,0.701,0.19185,0.10715,4504,0.8354795737122558,2.0,,0.0,0.006112144565506245,0,520000
noisy__beta_0p1__novelty_rewards_T__e_30__buf_50k__n_step_10__over_0p02__under_0p5,35,500000,20000,20,512,0.99,,50000,500,500,20,0.9115722791798289,0.9115722791798289,0,0.0,185.07729269999254,70.49,8.045,0.8796992481203008,0.5581106277190802,0.4095711622125544,0.3339,0.6201,0.0449,1674,0.42473118279569894,3.0,,1.0,1.0,0,520000
noisy__beta_0p1__novelty_rewards_T__e_30__buf_50k__n_step_10__over_0p02__under_0p5,36,500000,20000,20,512,0.99,,50000,500,500,20,0.9962452419294326,0.9962452419294326,0,0.0,184.0014061999973,99.845,99.505,0.7066453002153338,0.10175368071956183,0.0,0.0011,0.70555,0.10125,7,0.5714285714285714,3.0,,1.0,1.0,0,520000
noisy__beta_0p1__novelty_rewards_T__e_30__buf_50k__n_step_10__over_0p02__under_0p5,37,500000,20000,20,512,0.99,,50000,500,500,20,0.9314676829389776,0.9164676829389776,6,0.0003,184.56094989999838,72.715,35.510000000000005,0.6885786976552293,0.22331737538721486,0.054773303294846525,0.22965,0.5007,0.0793,541,0.6303142329020333,5.0,,0.6,0.093841642228739,0,520000
noisy__beta_0p1__novelty_rewards_T__e_30__buf_50k__n_step_10__over_0p02__under_0p5,38,500000,20000,20,512,0.99,,50000,500,500,20,0.9607866086858792,0.9607866086858792,0,0.0,185.55442129999574,54.49,13.0,0.7530739585244999,0.5553846153846154,0.23307692307692307,0.51745,0.41035,0.0722,2688,0.26674107142857145,3.0,,1.0,0.9707112970711297,0,520000
noisy__beta_0p1__novelty_rewards_T__e_30__buf_50k__n_step_10__over_0p02__under_0p5,39,500000,20000,20,512,0.99,,50000,500,500,20,0.9621791674700291,0.9621791674700291,0,0.0,185.4089832000027,80.38499999999999,11.215,0.6078248429433352,0.44048149799375835,0.0035666518056174765,0.1212,0.4886,0.0494,354,1.0,2.0,,1.0,1.0,0,520000
noisy__beta_0p1__novelty_rewards_T__e_30__buf_50k__n_step_10__over_0p02__under_0p5,40,500000,20000,20,512,0.99,,50000,500,500,20,0.904238133567654,0.8867381335676541,7,0.00035,184.41969690000406,76.39,10.475,0.3302133787144914,0.3350835322195704,0.056801909307875896,0.08985,0.2523,0.0351,299,0.5585284280936454,1.0,,1.0,0.9461077844311377,0,520000
noisy__beta_0p1__novelty_rewards_T__e_30__buf_50k__n_step_10__over_0p02__under_0p5,41,500000,20000,20,512,0.99,,50000,500,500,20,0.9827226658361946,0.9827226658361946,0,0.0,185.31153710000217,90.825,6.085,0.9829892650701899,0.7460969597370584,0.014790468364831553,0.0618,0.8928,0.0454,309,1.0,2.0,,1.0,1.0,0,520000
noisy__beta_0p1__novelty_rewards_T__e_30__buf_50k__n_step_10__over_0p02__under_0p5,42,500000,20000,20,512,0.99,,50000,500,500,20,0.8828298681574149,0.8828298681574149,0,0.0,184.66811369999778,99.995,99.995,0.45637281864093204,0.011800590029501476,0.011800590029501476,0.0001,0.45635,0.0118,1,1.0,2.0,,0.0,0.0,0,520000
noisy__beta_0p1__novelty_rewards_T__e_30__buf_50k__n_step_10__over_0p02__under_0p5,43,500000,20000,20,512,0.99,,50000,500,500,20,0.9516673271387066,0.9516673271387066,0,0.0,184.8201024000009,93.19,6.81,0.6973924240798369,0.5183553597650514,0.06020558002936858,0.0147,0.6499,0.0353,147,1.0,1.0,,1.0,1.0,0,520000
noisy__beta_0p1__novelty_rewards_T__e_30__buf_50k__n_step_10__over_0p02__under_0p5,44,500000,20000,20,512,0.99,,50000,500,500,20,0.9967395670794794,0.9967395670794794,0,0.0,184.79536720000033,99.99,99.99,0.861036103610361,0.13886388638863886,0.0,0.0002,0.86095,0.13885,2,1.0,2.0,,0.0,0.0,0,520000
noisy__beta_0p1__novelty_rewards_T__e_30__buf_50k__n_step_10__over_0p02__under_0p5,45,500000,20000,20,512,0.99,,50000,500,500,20,0.9695649400514796,0.9695649400514796,0,0.0,185.03145730000688,59.86,28.945,0.748747076511861,0.13162895145966488,0.01554672655035412,0.24715,0.4482,0.0381,473,0.9915433403805497,2.0,,0.5,1.0,0,520000
noisy__beta_0p1__novelty_rewards_T__e_30__buf_50k__n_step_10__over_0p02__under_0p5,46,500000,20000,20,512,0.99,,50000,500,500,20,0.9890561475324215,0.9890561475324215,0,0.0,184.58536270000332,99.985,99.985,0.5313797069560434,0.11671750762614393,0.0,0.0002,0.5313,0.1167,1,1.0,3.0,,0.0,0.0,0,520000
noisy__beta_0p1__novelty_rewards_T__e_30__buf_50k__n_step_10__over_0p02__under_0p5,47,500000,20000,20,512,0.99,,50000,500,500,20,0.9835335673099609,0.9835335673099609,0,0.0,185.62852670000575,78.28,7.5649999999999995,0.9738758303525805,0.7316589557171183,0.06477197620621282,0.1823,0.76235,0.05535,409,0.9877750611246944,5.0,,0.6,0.01485148514851485,0,520000
noisy__beta_0p1__novelty_rewards_T__e_30__buf_50k__n_step_10__over_0p02__under_0p5,48,500000,20000,20,512,0.99,,50000,500,500,20,0.9381137664069398,0.9381137664069398,0,0.0,185.19309069999144,65.435,5.3100000000000005,0.6282570489799038,0.5348399246704332,0.4915254237288136,0.5605,0.4111,0.0284,3101,0.15930345049983877,1.0,,1.0,0.9757085020242915,0,520000
noisy__beta_0p1__novelty_rewards_T__e_30__buf_50k__n_step_10__over_0p02__under_0p5,49,500000,20000,20,512,0.99,,50000,500,500,20,0.9006428927210703,0.8431428927210706,23,0.00115,184.80016969999997,57.720000000000006,6.859999999999999,0.40921690921690923,0.4620991253644315,0.2033527696793003,0.2394,0.2362,0.0317,516,0.44573643410852715,3.0,,1.0,0.6043478260869565,0,520000
noisy__beta_0p1__novelty_rewards_T__e_30__buf_50k__n_step_10__over_0p02__under_0p5,50,500000,20000,20,512,0.99,,50000,500,500,20,0.9607533848188876,0.9457533848188876,6,0.0003,185.68684049999865,78.82000000000001,9.465,0.8572697284953058,0.6339144215530903,0.27416798732171155,0.2621,0.6757,0.06,2249,0.23388172521120498,1.0,,1.0,0.9847908745247148,0,520000
noisy__beta_0p1__novelty_rewards_T__e_30__buf_50k__n_step_10__over_0p02__under_0p5,51,500000,20000,20,512,0.99,,50000,500,500,20,0.9932343296931198,0.9932343296931198,0,0.0,185.29490870000154,72.6,12.475,0.6831267217630854,0.34909819639278555,0.0,0.4605,0.49595,0.04355,4600,0.35304347826086957,1.0,,1.0,1.0,0,520000
noisy__beta_0p1__novelty_rewards_T__e_30__buf_50k__n_step_10__over_0p02__under_0p5,52,500000,20000,20,512,0.99,,50000,500,500,20,0.9694787820693375,0.9694787820693375,0,0.0,185.0640618000034,83.065,4.125,0.8921326671883465,0.5587878787878788,0.11878787878787879,0.1754,0.74105,0.02305,907,0.3936052921719956,3.0,,1.0,0.5406162464985994,0,520000
noisy__beta_0p1__novelty_rewards_T__e_30__buf_50k__n_step_10__over_0p02__under_0p5,53,500000,20000,20,512,0.99,,50000,500,500,20,0.9095449002237678,0.8620449002237678,19,0.00095,185.76866589998826,41.32,7.17,0.5795014520813165,0.39191073919107394,0.38145048814504884,0.7278,0.23945,0.0281,2530,0.2841897233201581,2.0,,0.7142857142857143,0.6884561891515995,0,520000
noisy__beta_0p1__novelty_rewards_T__e_30__buf_50k__n_step_10__over_0p02__under_0p5,54,500000,20000,20,512,0.99,,50000,500,500,20,0.9098923907628547,0.9098923907628547,0,0.0,185.08033189999696,37.86,8.385,0.622688853671421,0.14430530709600478,0.13953488372093023,0.722,0.23575,0.0121,2509,0.21681944998007174,4.0,,0.6,0.6213235294117647,0,520000
noisy__beta_0p1__novelty_rewards_T__e_30__buf_50k__n_step_10__over_0p02__under_0p5,55,500000,20000,20,512,0.99,,50000,500,500,20,0.9937839304921218,0.9937839304921218,0,0.0,185.93255000001227,77.325,10.97,0.4623989654057549,0.6567912488605288,0.0,0.26275,0.35755,0.07205,2615,0.2875717017208413,1.0,,1.0,1.0,0,520000
noisy__beta_0p1__novelty_rewards_T__e_30__buf_50k__n_step_10__over_0p02__under_0p5,56,500000,20000,20,512,0.99,,50000,500,500,20,0.9669219459260532,0.9669219459260532,0,0.0,184.42763510000077,74.99,13.195,0.9791305507400987,0.40318302387267907,0.00909435392194013,0.21225,0.73425,0.0532,313,0.6996805111821086,2.0,,1.0,1.0,0,520000
noisy__beta_0p1__novelty_rewards_T__e_30__buf_50k__n_step_10__over_0p02__under_0p5,57,500000,20000,20,512,0.99,,50000,500,500,20,0.9105866848568132,0.9105866848568132,0,0.0,184.83009469999524,68.01,68.015,0.8042934862520218,0.03491876791884143,0.0,0.42925,0.547,0.02375,2186,1.0,2.0,,0.0,0.0,0,520000
noisy__beta_0p1__novelty_rewards_T__e_30__buf_50k__n_step_10__over_0p02__under_0p5,58,500000,20000,20,512,0.99,,50000,500,500,20,0.9678832158705001,0.9678832158705001,0,0.0,185.49591480000527,55.48,6.194999999999999,0.8697728911319395,0.321226795803067,0.321226795803067,0.49755,0.48255,0.0199,1445,0.25259515570934254,1.0,,1.0,0.989041095890411,0,520000
noisy__beta_0p1__novelty_rewards_T__e_30__buf_50k__n_step_10__over_0p02__under_0p5,59,500000,20000,20,512,0.99,,50000,500,500,20,0.6248112511820118,0.33981125118201205,114,0.0057,185.19866639999964,38.48,8.21,0.8612266112266113,0.5341047503045067,0.4123020706455542,0.60455,0.33175,0.04385,937,0.4226254002134472,5.0,,0.75,0.6186868686868687,0,520000
noisy__beta_0p1__novelty_rewards_T__e_30__buf_50k__n_step_10__over_0p02__under_0p5,60,500000,20000,20,512,0.99,,50000,500,500,20,0.9881716476421912,0.9881716476421912,0,0.0,186.37695409999287,79.315,79.315,0.8244342179915527,0.04248881043938725,0.023892075899892833,0.30715,0.6539,0.0337,2110,1.0,2.0,,0.0,0.0,0,520000
noisy__beta_0p1__novelty_rewards_T__e_30__buf_50k__n_step_10__over_0p02__under_0p5,61,500000,20000,20,512,0.99,,50000,500,500,20,0.9828540537076648,0.9828540537076648,0,0.0,185.7646487999882,97.055,96.91,0.958992323940034,0.035342069961820245,0.035342069961820245,0.035,0.93075,0.03425,111,1.0,4.0,,0.0,0.009009009009009009,0,520000
noisy__beta_0p1__novelty_rewards_T__e_30__buf_50k__n_step_10__over_0p02__under_0p5,62,500000,20000,20,512,0.99,,50000,500,500,20,0.963632174810809,0.963632174810809,0,0.0,194.67753960000118,76.795,7.735,0.8291555439807279,0.9120879120879121,0.003878474466709761,0.29265,0.63675,0.07055,2624,0.0430640243902439,4.0,,0.5,0.23008849557522124,0,520000
noisy__beta_0p1__novelty_rewards_T__e_30__buf_50k__n_step_10__over_0p02__under_0p5,63,500000,20000,20,512,0.99,,50000,500,500,20,0.9803533966769888,0.9803533966769888,0,0.0,193.10620219999691,82.09,6.17,0.31416737726885124,0.26904376012965964,0.19043760129659643,0.1644,0.2579,0.0166,581,0.5662650602409639,3.0,,0.6666666666666666,1.0,0,520000
noisy__beta_0p1__novelty_rewards_T__e_30__buf_50k__n_step_10__over_0p02__under_0p5,64,500000,20000,20,512,0.99,,50000,500,500,20,0.9217928886561556,0.8892928886561556,13,0.00065,185.13374390000536,27.815,12.43,0.8090958116124394,0.39742558326629124,0.11544650040225261,0.72265,0.22505,0.0494,1054,0.6043643263757116,4.0,,1.0,0.9152276295133438,0,520000
noisy__beta_0p1__novelty_rewards_T__e_30__buf_50k__n_step_10__over_0p02__under_0p5,65,500000,20000,20,512,0.99,,50000,500,500,20,0.9753906064878978,0.9753906064878978,0,0.0,185.2787798000063,59.19,32.98,0.6957256293292786,0.04244996967859309,0.04244996967859309,0.47775,0.4118,0.014,1503,0.6007984031936128,4.0,,1.0,0.8183831672203765,0,520000
noisy__beta_0p1__novelty_rewards_T__e_30__buf_50k__n_step_10__over_0p02__under_0p5,66,500000,20000,20,512,0.99,,50000,500,500,20,0.9569875202574396,0.9569875202574396,0,0.0,185.1274080000003,62.79,23.435,0.38150979455327283,0.5158950288030724,0.09537017281843396,0.0844,0.23955,0.1209,444,0.8986486486486487,2.0,,1.0,1.0,0,520000
noisy__beta_0p1__novelty_rewards_T__e_30__buf_50k__n_step_10__over_0p02__under_0p5,67,500000,20000,20,512,0.99,,50000,500,500,20,0.7605817127280967,0.5530817127280968,83,0.00415,185.92769099998986,35.949999999999996,6.65,0.715855354659249,0.5383458646616541,0.4842105263157895,0.6407,0.2575,0.03595,1290,0.324031007751938,6.0,,0.6909090909090909,0.5,0,520000
noisy__beta_0p1__novelty_rewards_T__e_30__buf_50k__n_step_10__over_0p02__under_0p5,68,500000,20000,20,512,0.99,,50000,500,500,20,0.9927094551351111,0.9927094551351111,0,0.0,185.37184929999057,100.0,100.0,0.2286,0.0577,0.0,0.0,0.2286,0.0577,0,,,,,,0,520000
noisy__beta_0p1__novelty_rewards_T__e_30__buf_50k__n_step_10__over_0p02__under_0p5,69,500000,20000,20,512,0.99,,50000,500,500,20,0.9482207699742355,0.9482207699742355,0,0.0,186.0163745000027,100.0,100.0,0.2761,0.13995,0.0035,0.0,0.2761,0.13995,0,,,,,,0,520000
noisy__beta_0p1__novelty_rewards_T__e_30__buf_50k__n_step_10__over_0p02__under_0p5,70,500000,20000,20,512,0.99,,50000,500,500,20,0.9909954890467765,0.9909954890467765,0,0.0,184.34803739999188,90.935,3.4299999999999997,0.5453895639742673,0.5058309037900874,0.4956268221574344,0.1115,0.49595,0.01735,776,0.4368556701030928,2.0,,1.0,1.0,0,520000
noisy__beta_0p1__novelty_rewards_T__e_30__buf_50k__n_step_10__over_0p02__under_0p5,71,500000,20000,20,512,0.99,,50000,500,500,20,0.9627003795718574,0.9602003795718574,1,5e-05,184.21135860000504,36.199999999999996,10.895000000000001,0.7040055248618785,0.622303809086737,0.12115649380449747,0.6766,0.25485,0.0678,2143,0.377974801679888,4.0,,0.75,0.682716049382716,0,520000
noisy__beta_0p1__novelty_rewards_T__e_30__buf_50k__n_step_10__over_0p02__under_0p5,72,500000,20000,20,512,0.99,,50000,500,500,20,0.8642189772236081,0.8642189772236081,0,0.0,183.85727860000043,85.195,12.57,0.5970420799342684,0.4089101034208433,0.0003977724741447892,0.0284,0.50865,0.0514,68,1.0,4.0,,1.0,1.0,0,520000
noisy__beta_0p1__novelty_rewards_T__e_30__buf_50k__n_step_10__over_0p02__under_0p5,73,500000,20000,20,512,0.99,,50000,500,500,20,0.9532989420411077,0.9532989420411077,0,0.0,184.69274539999606,58.37,4.51,0.6909371252355662,0.6419068736141907,0.05543237250554324,0.38755,0.4033,0.02895,1000,0.249,5.0,,1.0,0.7068273092369478,0,520000
noisy__beta_0p1__novelty_rewards_T__e_30__buf_50k__n_step_10__over_0p02__under_0p5,74,500000,20000,20,512,0.99,,50000,500,500,20,0.9758642228135468,0.9758642228135468,0,0.0,185.53465290000895,52.410000000000004,4.92,0.48607136042739935,0.4380081300813008,0.22154471544715448,0.72025,0.25475,0.02155,5386,0.05291496472335685,5.0,,1.0,0.5052631578947369,0,520000
noisy__beta_0p1__novelty_rewards_T__e_30__buf_50k__n_step_10__over_0p02__under_0p5,75,500000,20000,20,512,0.99,,50000,500,500,20,0.9604386680839007,0.9554386680839007,2,0.0001,183.4168753999984,48.07,14.395,0.6102558768462658,0.2348037513025356,0.17714484195901353,0.5502,0.29335,0.0338,1303,0.7620874904067536,3.0,,1.0,0.823766364551863,0,520000
noisy__beta_0p1__novelty_rewards_T__e_30__buf_50k__n_step_10__over_0p02__under_0p5,76,500000,20000,20,512,0.99,,50000,500,500,20,0.9484974331241417,0.9359974331241417,5,0.00025,188.36414569999033,56.510000000000005,9.93,0.8520615820208812,0.3816717019133938,0.27844914400805637,0.48035,0.48155,0.0379,1667,0.2903419316136773,4.0,,0.5,0.1012396694214876,0,520000
noisy__beta_0p1__novelty_rewards_T__e_30__buf_50k__n_step_10__over_0p02__under_0p5,77,500000,20000,20,512,0.99,,50000,500,500,20,0.9408310978221059,0.9408310978221059,0,0.0,184.1544733000046,79.485,17.36,0.9868528653205008,0.4694700460829493,0.0,0.0402,0.7844,0.0815,201,1.0,2.0,,1.0,1.0,0,520000
noisy__beta_0p1__novelty_rewards_T__e_30__buf_50k__n_step_10__over_0p02__under_0p5,78,500000,20000,20,512,0.99,,50000,500,500,20,0.990752811719031,0.990752811719031,0,0.0,184.9569718999992,48.65,46.165,0.5219938335046249,0.18087295570237194,0.0,0.53985,0.25395,0.0835,1580,0.9088607594936708,6.0,,0.0,0.03969359331476323,0,520000
noisy__beta_0p1__novelty_rewards_T__e_30__buf_50k__n_step_10__over_0p02__under_0p5,79,500000,20000,20,512,0.99,,50000,500,500,20,0.9761104395643688,0.9761104395643688,0,0.0,185.81067110000004,56.830000000000005,15.695,0.6883688192855886,0.3787830519273654,0.10321758521822236,0.549,0.3912,0.05945,3534,0.5144312393887945,2.0,,1.0,1.0,0,520000
noisy__beta_0p1__novelty_rewards_T__e_30__buf_50k__n_step_10__over_0p02__under_0p5,80,500000,20000,20,512,0.99,,50000,500,500,20,0.9790117290917713,0.9790117290917713,0,0.0,183.5783822999947,93.26,87.42999999999999,0.9448316534419902,0.02093103053871669,0.015784055816081437,0.10055,0.88115,0.0183,686,0.9533527696793003,2.0,,0.0,0.04434250764525994,0,520000
noisy__beta_0p1__novelty_rewards_T__e_30__buf_50k__n_step_10__over_0p02__under_0p5,81,500000,20000,20,512,0.99,,50000,500,500,20,0.9646775911044948,0.9621775911044947,1,5e-05,185.09257920000528,86.115,5.680000000000001,0.9763107472565755,0.6179577464788732,0.5501760563380281,0.0997,0.84075,0.0351,402,0.9552238805970149,1.0,,1.0,0.9895833333333334,0,520000
noisy__beta_0p1__novelty_rewards_T__e_30__buf_50k__n_step_10__over_0p02__under_0p5,82,500000,20000,20,512,0.99,,50000,500,500,20,0.9833750861672146,0.9833750861672146,0,0.0,184.69682709999324,92.645,4.21,0.9851584003454045,0.669833729216152,0.24346793349168647,0.0548,0.9127,0.0282,274,1.0,2.0,,1.0,1.0,0,520000
noisy__beta_0p1__novelty_rewards_T__e_30__buf_50k__n_step_10__over_0p02__under_0p5,83,500000,20000,20,512,0.99,,50000,500,500,20,0.9749720252195512,0.9749720252195512,0,0.0,185.04785170000105,67.125,4.095,0.7524767225325885,0.73992673992674,0.20757020757020758,0.46345,0.5051,0.0303,2625,0.07771428571428571,3.0,,1.0,0.9901960784313726,0,520000
noisy__beta_0p1__novelty_rewards_T__e_30__buf_50k__n_step_10__over_0p02__under_0p5,84,500000,20000,20,512,0.99,,50000,500,500,20,0.9690327700453599,0.94653277004536,9,0.00045,185.63693690000218,58.67,4.9,0.7775694562808931,0.4561224489795918,0.4387755102040816,0.52075,0.4562,0.02235,2595,0.1653179190751445,2.0,,1.0,0.8391608391608392,0,520000
noisy__beta_0p1__novelty_rewards_T__e_30__buf_50k__n_step_10__over_0p02__under_0p5,85,500000,20000,20,512,0.99,,50000,500,500,20,0.9407975227765306,0.9157975227765306,10,0.0005,184.92400420000195,73.71,9.925,0.8593135259801926,0.7360201511335013,0.016120906801007556,0.28805,0.6334,0.07305,1991,0.155700652938222,1.0,,1.0,0.964516129032258,0,520000
noisy__beta_0p1__novelty_rewards_T__e_30__buf_50k__n_step_10__over_0p02__under_0p5,86,500000,20000,20,512,0.99,,50000,500,500,20,0.9891749765519114,0.9891749765519114,0,0.0,186.0527804000012,75.85,75.85,0.5389584706657877,0.07323665128543178,0.0,0.4813,0.4088,0.05555,4796,1.0,2.0,,0.0,0.0,0,520000
noisy__beta_0p1__novelty_rewards_T__e_30__buf_50k__n_step_10__over_0p02__under_0p5,87,500000,20000,20,512,0.99,,50000,500,500,20,0.8777277673915629,0.8727277673915629,2,0.0001,186.53501919998962,40.56,15.06,0.8874506903353058,0.3658698539176627,0.36321381142098275,0.57925,0.35995,0.0551,890,0.5797752808988764,2.0,,0.5,0.9786821705426356,0,520000
noisy__beta_0p1__novelty_rewards_T__e_30__buf_50k__n_step_10__over_0p02__under_0p5,88,500000,20000,20,512,0.99,,50000,500,500,20,0.9432985287126284,0.9432985287126284,0,0.0,185.53344109999307,59.815,3.4549999999999996,0.7733846025244504,0.6859623733719248,0.0,0.5137,0.4626,0.0237,2710,0.08007380073800738,6.0,,1.0,0.9907834101382489,0,520000
noisy__beta_0p1__novelty_rewards_T__e_30__buf_50k__n_step_10__over_0p02__under_0p5,89,500000,20000,20,512,0.99,,50000,500,500,20,0.9613450033817373,0.9613450033817373,0,0.0,185.91463349999685,44.775,7.1499999999999995,0.5402568397543271,0.1825174825174825,0.17692307692307693,0.74015,0.2419,0.01305,4019,0.27021647175914404,2.0,,1.0,0.9751381215469613,0,520000
noisy__beta_0p1__novelty_rewards_T__e_30__buf_50k__n_step_10__over_0p02__under_0p5,90,500000,20000,20,512,0.99,,50000,500,500,20,0.9031024239886243,0.9031024239886243,0,0.0,188.38072450000618,87.435,5.42,0.2584777263109739,0.8551660516605166,0.005535055350553505,0.05325,0.226,0.04635,195,0.7948717948717948,3.0,,1.0,0.9419354838709677,0,520000
noisy__beta_0p1__novelty_rewards_T__e_30__buf_50k__n_step_10__over_0p02__under_0p5,91,500000,20000,20,512,0.99,,50000,500,500,20,0.9666577855368771,0.9666577855368771,0,0.0,190.42031399998814,42.714999999999996,2.32,0.5770806508252371,0.7155172413793104,0.5237068965517241,0.7364,0.2465,0.0166,3482,0.0376220562894888,2.0,,1.0,0.6641221374045801,0,520000
noisy__beta_0p1__novelty_rewards_T__e_30__buf_50k__n_step_10__over_0p02__under_0p5,92,500000,20000,20,512,0.99,,50000,500,500,20,0.8068988800255288,0.8068988800255288,0,0.0,191.0831640999968,87.96000000000001,3.045,0.8238403819918144,0.6978653530377669,0.2512315270935961,0.16955,0.72465,0.02125,1454,0.12310866574965612,2.0,,1.0,0.9776536312849162,0,520000
noisy__beta_0p1__novelty_rewards_T__e_30__buf_50k__n_step_10__over_0p02__under_0p5,93,500000,20000,20,512,0.99,,50000,500,500,20,0.9895435280368794,0.9895435280368794,0,0.0,190.90102119999938,75.295,9.5,0.9469420280231091,0.5942105263157895,0.10789473684210527,0.23055,0.713,0.05645,797,0.9673776662484316,3.0,,0.6666666666666666,1.0,0,520000
noisy__beta_0p1__novelty_rewards_T__e_30__buf_50k__n_step_10__over_0p02__under_0p5,94,500000,20000,20,512,0.99,,50000,500,500,20,0.9267473800713215,0.9267473800713215,0,0.0,189.92799559999548,99.985,99.985,0.9723958593789068,0.027604140621093162,0.0,0.00015,0.97225,0.0276,0,,,,,,0,520000
noisy__beta_0p1__novelty_rewards_T__e_30__buf_50k__n_step_10__over_0p02__under_0p5,95,500000,20000,20,512,0.99,,50000,500,500,20,0.9428849482279841,0.9428849482279841,0,0.0,190.31430509999336,62.405,3.2199999999999998,0.6861629677109206,0.7437888198757764,0.0015527950310559005,0.54785,0.4282,0.02395,3917,0.04212407454684708,4.0,,1.0,1.0,0,520000
noisy__beta_0p1__novelty_rewards_T__e_30__buf_50k__n_step_10__over_0p02__under_0p5,96,500000,20000,20,512,0.99,,50000,500,500,20,0.9353695522020636,0.9353695522020636,0,0.0,190.85298830000102,58.85,9.16,0.829141886151232,0.5573144104803494,0.055676855895196505,0.46,0.48795,0.05105,2010,0.11741293532338308,4.0,,1.0,0.8601694915254238,0,520000
noisy__beta_0p1__novelty_rewards_T__e_30__buf_50k__n_step_10__over_0p02__under_0p5,97,500000,20000,20,512,0.99,,50000,500,500,20,0.8927957150380811,0.8802957150380811,5,0.00025,189.58587739999348,58.02,10.63,0.8464322647362978,0.2681091251175917,0.09830667920978363,0.3531,0.4911,0.0285,868,0.6140552995391705,3.0,,1.0,0.8348968105065666,0,520000
noisy__beta_0p1__novelty_rewards_T__e_30__buf_50k__n_step_10__over_0p02__under_0p5,98,500000,20000,20,512,0.99,,50000,500,500,20,0.9769668361249937,0.9769668361249937,0,0.0,189.5315597000008,96.685,3.315,0.5031287169674716,0.4660633484162896,0.2594268476621418,0.0354,0.48645,0.01545,354,1.0,1.0,,1.0,1.0,0,520000
noisy__beta_0p1__novelty_rewards_T__e_30__buf_50k__n_step_10__over_0p02__under_0p5,99,500000,20000,20,512,0.99,,50000,500,500,20,0.9347321119249654,0.9347321119249654,0,0.0,189.56038470000203,73.625,14.030000000000001,0.8169779286926995,0.2961511047754811,0.002851033499643621,0.3569,0.6015,0.04155,2694,0.708611729769859,1.0,,1.0,0.9952854897852279,0,520000
